bitstring_little_endian,probability,maxcut_cost
0101,0.45312869731671856,4.0
1010,0.45312869731671856,4.0
0110,0.014707802298726272,2.7
1001,0.014707802298726272,2.7
0011,0.01470780229872626,2.7
1100,0.01470780229872626,2.7
